Workbook

Sheet 2341-01-04(108)
A1: 公開類 | F1: 編製機關 | G1: 經濟部水利署
A2: 年 報 | C2: 次年3月15日前編報 | F2: 表 號 | G2: 2341－01－04
A3: 自來水生活用水量統計
A5: 中華民國 108 年 | O5: 實際供水人數
A6: 縣市別 | D6: 生活用水量 (立方公尺) | E6: 年中供水人數 (人) | F6: 每人每日生活用水量 (公升) | J6: 102年底 | K6: 103年底 | L6: 104年底 | M6: 105年底 | N6: 106年底 | O6: 107年底 | P6: 108年底 | Q6: 109年底 | R6: 108年中 | T6: 109年年中
A8: 總 計 | D8: =SUM(D9:D30) -> 2305588811 | E8: =R8 -> 22242904 | F8: =D8/E8/365*1000 -> 283.98637 | J8: =SUM(J9:J30) -> 21721711 | K8: =SUM(K9:K30) -> 21825979 | L8: =SUM(L9:L30) -> 21953057 | M8: =SUM(M9:M30) -> 22059541 | N8: =SUM(N9:N30) -> 22136461 | O8: =SUM(O9:O30) -> 22207548 | P8: =SUM(P9:P30) -> 22278261 | Q8: =SUM(Q9:Q30) -> 22349167 | R8: =(O8+P8)/2 -> 22242904 | S8: =E8-R8 -> 0 | T8: =ROUND((P8+Q8)/2,0) -> 22313714 | U8: =T8-'2341-01-04(110完)'!E8 -> 23330
A9: 新北市 | D9: 438772501 | E9: 3921865 | F9: =D9/E9/365*1000 -> 306.51653 | J9: =2610278+1245102 -> 3855380 | K9: =2627472+1243047 -> 3870519 | L9: =2635439+1240297 -> 3875736 | M9: =2644913+1243331 -> 3888244 | N9: =2657761+1241321 -> 3899082 | O9: =2671183+1238374 -> 3909557 | P9: =2693946+1240227 -> 3934173 | Q9: =2711407+1237402 -> 3948809 | R9: =(O9+P9)/2 -> 3921865 | S9: =E9-R9 -> 0 | T9: =ROUND((P9+Q9)/2,0) -> 3941491 | U9: =T9-'2341-01-04(110完)'!E9 -> 3936 | V9: 總計及新北市以此計算填列 不採合計數或報表
A10: 臺北市 | D10: 321445396 | E10: 2651244.5 | F10: =D10/E10/365*1000 -> 332.17318 | J10: 2679598 | K10: 2695961 | L10: 2698312 | M10: 2689295 | N10: 2676848 | O10: 2663003 | P10: 2639486 | Q10: 2597473 | R10: =(O10+P10)/2 -> 2651244.5 | S10: =E10-R10 -> 0 | T10: =ROUND((P10+Q10)/2,0) -> 2618480 | U10: =T10-'2341-01-04(110完)'!E10 -> 59945
A11: 桃園市 | D11: 210430599 | E11: 2137012 | F11: =D11/E11/365*1000 -> 269.77958 | J11: 1944009 | K11: 1959057 | L11: 2007765 | M11: 2049885 | N11: 2088202 | O11: 2121477 | P11: 2152547 | Q11: 2183060 | R11: =(O11+P11)/2 -> 2137012 | S11: =E11-R11 -> 0 | T11: =ROUND((P11+Q11)/2,0) -> 2167804 | U11: =T11-'2341-01-04(110完)'!E11 -> -23776
A12: 臺中市 | D12: 278789657 | E12: 2695331 | F12: =D12/E12/365*1000 -> 283.38163 | J12: 2525924 | K12: 2557262 | L12: 2611303 | M12: 2646352 | N12: 2668584 | O12: 2687907 | P12: 2702755 | Q12: 2718398 | R12: =(O12+P12)/2 -> 2695331 | S12: =E12-R12 -> 0 | T12: =ROUND((P12+Q12)/2,0) -> 2710577 | U12: =T12-'2341-01-04(110完)'!E12 -> -5799
A13: 臺南市 | D13: 185397452 | E13: 1864897 | F13: =D13/E13/365*1000 -> 272.36798 | J13: 1863482 | K13: 1865380 | L13: 1867172 | M13: 1868264 | N13: 1869301 | O13: 1866280 | P13: 1863514 | Q13: 1857084 | R13: =(O13+P13)/2 -> 1864897 | S13: =E13-R13 -> 0 | T13: =ROUND((P13+Q13)/2,0) -> 1860299 | U13: =T13-'2341-01-04(110完)'!E13 -> 9652
A14: 高雄市 | D14: 270495729 | E14: 2666350 | F14: =D14/E14/365*1000 -> 277.93958 | J14: 2654361 | K14: 2657021 | L14: 2659515 | M14: 2663024 | N14: 2663643 | O14: 2664814 | P14: 2667886 | Q14: 2670088 | R14: =(O14+P14)/2 -> 2666350 | S14: =E14-R14 -> 0 | T14: =ROUND((P14+Q14)/2,0) -> 2668987 | U14: =T14-'2341-01-04(110完)'!E14 -> 8021
A15: 宜蘭縣 | D15: 44187513 | E15: 434090 | F15: =D15/E15/365*1000 -> 278.88613 | J15: 430747 | K15: 431794 | L15: 431835 | M15: 434723 | N15: 434744 | O15: 434316 | P15: 433864 | Q15: 433808 | R15: =(O15+P15)/2 -> 434090 | S15: =E15-R15 -> 0 | T15: =ROUND((P15+Q15)/2,0) -> 433836 | U15: =T15-'2341-01-04(110完)'!E15 -> 1118
A16: 新竹縣 | D16: 46936629 | E16: 488313 | F16: =D16/E16/365*1000 -> 263.34237 | J16: 432668 | K16: 442694 | L16: 451617 | M16: 461956 | N16: 472099 | O16: 483529 | P16: 493096 | Q16: 506828 | R16: =(O16+P16)/2 -> 488312.5 | S16: =E16-R16 -> 0.5 | T16: =ROUND((P16+Q16)/2,0) -> 499962 | U16: =T16-'2341-01-04(110完)'!E16 -> -11920
A17: 苗栗縣 | D17: 42631956 | E17: 452544 | F17: =D17/E17/365*1000 -> 258.09618 | J17: 443380 | K17: 448600 | L17: 453402 | M17: 451148 | N17: 450832 | O17: 450616 | P17: 454471 | Q17: 459487 | R17: =(O17+P17)/2 -> 452543.5 | S17: =E17-R17 -> 0.5 | T17: =ROUND((P17+Q17)/2,0) -> 456979 | U17: =T17-'2341-01-04(110完)'!E17 -> -3237
A18: 彰化縣 | D18: 98372481 | E18: 1198832 | F18: =D18/E18/365*1000 -> 224.81352 | J18: 1203715 | K18: 1202557 | L18: 1203920 | M18: 1204842 | N18: 1202103 | O18: 1199883 | P18: 1197781 | Q18: 1194779 | R18: =(O18+P18)/2 -> 1198832 | S18: =E18-R18 -> 0 | T18: =ROUND((P18+Q18)/2,0) -> 1196280 | U18: =T18-'2341-01-04(110完)'!E18 -> 5058
A19: 南投縣 | D19: 38380080 | E19: 398993 | F19: =D19/E19/365*1000 -> 263.54072 | J19: 403196 | K19: 401859 | L19: 399275 | M19: 401015 | N19: 399852 | O19: 399637 | P19: 398348 | Q19: 397578 | R19: =(O19+P19)/2 -> 398992.5 | S19: =E19-R19 -> 0.5 | T19: =ROUND((P19+Q19)/2,0) -> 397963 | U19: =T19-'2341-01-04(110完)'!E19 -> 1889
A20: 雲林縣 | D20: 63396257 | E20: 646148 | F20: =D20/E20/365*1000 -> 268.80587 | J20: 665701 | K20: 663668 | L20: 658851 | M20: 654672 | N20: 650998 | O20: 647835 | P20: 644460 | Q20: 640864 | R20: =(O20+P20)/2 -> 646147.5 | S20: =E20-R20 -> 0.5 | T20: =ROUND((P20+Q20)/2,0) -> 642662 | U20: =T20-'2341-01-04(110完)'!E20 -> 4418
A21: 嘉義縣 | D21: 43669428 | E21: 459156 | F21: =D21/E21/365*1000 -> 260.56998 | J21: 474082 | K21: 470868 | L21: 467375 | M21: 464311 | N21: 462356 | O21: 460204 | P21: 458108 | Q21: 455966 | R21: =(O21+P21)/2 -> 459156 | S21: =E21-R21 -> 0 | T21: =ROUND((P21+Q21)/2,0) -> 457037 | U21: =T21-'2341-01-04(110完)'!E21 -> 2999
... A28: 嘉義市 | D28: 28439590 | E28: 267806 | F28: =D28/E28/365*1000 -> 290.94451 | J28: 270373 | K28: 270437 | L28: 269977 | M28: 269522 | N28: 269043 | O28: 268270 | P28: 267342 | Q28: 265705 | R28: =(O28+P28)/2 -> 267806 | S28: =E28-R28 -> 0 | T28: =ROUND((P28+Q28)/2,0) -> 266524 | U28: =T28-'2341-01-04(110完)'!E28 -> 1443
A29: 金門縣 | D29: 5806337 | E29: 132096 | F29: =D29/E29/365*1000 -> 120.42585 | J29: 114054 | K29: 120698 | L29: 125529 | M29: 127722 | N29: 129932 | O29: 131661 | P29: 132531 | Q29: 132938 | S29: =E29-R29 -> 132096 | T29: =ROUND((P29+Q29)/2,0) -> 132735 | U29: =T29-'2341-01-04(110完)'!E29 -> -646
A30: 連江縣 | D30: 838994 | E30: 11552 | F30: =D30/E30/365*1000 -> 198.97972 | J30: 11552 | K30: 11972 | L30: 12230 | M30: 12062 | N30: 12237 | O30: 11808 | P30: 11295 | Q30: 11382 | S30: =E30-R30 -> 11552 | T30: =ROUND((P30+Q30)/2,0) -> 11339 | U30: =T30-'2341-01-04(110完)'!E30 -> -41
A31: 填表 | C31: 審核 | D31: 業務主管人員 | E31: 機關首長 | G31: 中華民國108年3月11日編製
D33: 主辦統計人員
A35: 資料來源：台灣自來水股份有限公司、臺北自來水事業處、金門縣自來水廠、連江縣自來水廠。
A36: 填表說明：1.本表由本署主計室編製1式4份，1份送經濟部統計處，1份送本署水源經營組，
C37: 1份送本署保育事業組，1份自存，並公布於本署網站。
A38: 2.各填報單位於次年2月底前將資料報送本署，由本署於次年3月15日前完成彙編。
A39: 3.年中供水人數=(上年底供水人數+本年底供水人數)÷2。
A40: 4.每人每日生活用水量=生活用水量÷年中供水人數÷全年日數×1,000。
A41: 5.本表生活用水量不含輸水損失等。

Sheet 2341-01-04(110完)
A1: 公開類 | F1: 編製機關 | G1: 經濟部水利署
A2: 年 報 | C2: 次年3月15日前編報 | F2: 表 號 | G2: 2341－01－04
A3: 自來水生活用水量統計
A5: 中華民國 110年
A6: 縣市別 | D6: 生活用水量 (立方公尺) | E6: 年中供水人數 (人) | F6: 每人每日生活用水量 (公升)
A8: 總 計 | D8: =SUM(D9:D30) -> 2293426095 | E8: 22290384 | F8: =D8/E8/365*1000 -> 281.88654
A9: 新北市 | D9: =299741356+146580494 -> 446321850 | E9: 3937555 | F9: =D9/E9/365*1000 -> 310.54794
A10: 臺北市 | D10: 308374892 | E10: 2558535 | F10: =D10/E10/365*1000 -> 330.21347
A11: 桃園市 | D11: 213737584 | E11: 2191580 | F11: =D11/E11/365*1000 -> 267.19646
A12: 臺中市 | D12: 272952412 | E12: 2716376 | F12: =D12/E12/365*1000 -> 275.29872
A13: 臺南市 | D13: 181450363 | E13: 1850647 | F13: =D13/E13/365*1000 -> 268.62188
A14: 高雄市 | D14: 264099389 | E14: 2660966 | F14: =D14/E14/365*1000 -> 271.91628
A15: 宜蘭縣 | D15: 45087026 | E15: 432718 | F15: =D15/E15/365*1000 -> 285.46559
A16: 新竹縣 | D16: 48913982 | E16: 511882 | F16: =D16/E16/365*1000 -> 261.80039
A17: 苗栗縣 | D17: 42313146 | E17: 460216 | F17: =D17/E17/365*1000 -> 251.89569
A18: 彰化縣 | D18: 98909219 | E18: 1191222 | F18: =D18/E18/365*1000 -> 227.48418
A19: 南投縣 | D19: 38955436 | E19: 396074 | F19: =D19/E19/365*1000 -> 269.46283
A20: 雲林縣 | D20: 63914832 | E20: 638244 | F20: =D20/E20/365*1000 -> 274.36079
A21: 嘉義縣 | D21: 43641791 | E21: 454038 | F21: =D21/E21/365*1000 -> 263.3404
... A30: 連江縣 | D30: 831227 | E30: 11380 | F30: =D30/E30/365*1000 -> 200.11724
A31: 填表 | C31: 審核 | D31: 業務主管人員 | E31: 機關首長 | G31: 中華民國111年3月4日編製
D33: 主辦統計人員
A35: 資料來源：台灣自來水股份有限公司、臺北自來水事業處、金門縣自來水廠、連江縣自來水廠。
A36: 填表說明：1.本表由本署主計室編製1式4份，1份送經濟部統計處，1份送本署水源經營組，
C37: 1份送本署保育事業組，1份自存，並公布於本署網站。
A38: 2.各填報單位於次年2月底前將資料報送本署，由本署於次年3月15日前完成彙編。
A39: 3.年中供水人數=(上年底供水人數+本年底供水人數)÷2。
A40: 4.每人每日生活用水量=生活用水量÷年中供水人數÷全年日數×1,000。
A41: 5.本表生活用水量不含輸水損失等。
